{
  "timing": {
    "N": [
      8,
      10,
      12,
      14,
      16,
      18,
      20
    ],
    "t1": [
      9.15432523470372,
      19.587180577218533,
      187.15458766867718,
      2791.2710017214217,
      9068.704675883055,
      24302.219001886744,
      64760.62800114353
    ],
    "t2": [
      9.965815115720034,
      23.265539202839136,
      105.26016315755744,
      629.1269867991408,
      4861.450366054972,
      21311.494366576273,
      78011.31034890811
    ],
    "t3": [
      37.210495211184025,
      47.59092116728425,
      123.80591942928731,
      298.298002841572,
      865.5590160439411,
      700.839019070069,
      1411.0176513592403
    ],
    "t4": [
      201.32380013819784,
      215.2889803983271,
      311.2604123695443,
      579.7133392964801,
      1326.6276801005006,
      1003.4216490263741,
      1822.7139953523874
    ]
  },
  "rsvd_convergence": {
    "N": 16,
    "dA": 256,
    "ks": [
      2,
      4,
      8,
      16,
      32,
      64,
      128,
      256
    ],
    "S_rand_exact": 5.049423974265501,
    "S_area_exact": 0.09311488828097429,
    "S_rand_hand": [
      0.6928914265418445,
      1.3849923586886526,
      2.0766843776789594,
      2.766321550743153,
      3.450779446520238,
      4.120804054707229,
      4.736489248525801,
      5.049423974265502
    ],
    "S_area_hand": [
      0.09009476776617595,
      0.09311297518280351,
      0.09311488828056479,
      0.09311488828097414,
      0.09311488828097425,
      0.09311488828097428,
      0.09311488828097421,
      0.09311488828097422
    ],
    "S_rand_sk": [
      0.6928671744789672,
      1.3849691266197222,
      2.07663416139223,
      2.7661573971996116,
      3.4508767109331524,
      4.120881889038767,
      4.735957256197342,
      5.049423974265503
    ],
    "S_area_sk": [
      0.0900947677661759,
      0.09311297518280352,
      0.09311488828056483,
      0.09311488828097411,
      0.09311488828097422,
      0.09311488828097424,
      0.09311488828097422,
      0.0931148882809742
    ]
  },
  "accuracy": [
    {
      "N": 8,
      "SA": 2.236798142904138,
      "SB": 2.236798142904138,
      "S1": 2.2367981429041377,
      "S2": 2.236798142904138,
      "S3": 2.2367981429041377,
      "S4": 2.236798142904138
    },
    {
      "N": 10,
      "SA": 3.0061758001986183,
      "SB": 3.0061758001986183,
      "S1": 3.006175800198619,
      "S2": 3.0061758001986183,
      "S3": 3.00617580019862,
      "S4": 3.006175800198619
    },
    {
      "N": 12,
      "SA": 3.6546845886142725,
      "SB": 3.6546845886142725,
      "S1": 3.6546845886142716,
      "S2": 3.6546845886142725,
      "S3": 3.6546845886142725,
      "S4": 3.6546845886142734
    },
    {
      "N": 14,
      "SA": 4.362032819167636,
      "SB": 4.362032819167636,
      "S1": 4.362032819167634,
      "S2": 4.362032819167636,
      "S3": 4.362032819167634,
      "S4": 4.362032819167633
    }
  ],
  "condition": {
    "N": 16,
    "alphas": [
      0.01,
      0.05,
      0.1,
      0.2,
      0.3,
      0.5,
      0.8,
      1.0
    ],
    "kappa": [
      12.807103782663035,
      344551.8961378237,
      118716009132.16965,
      477698071851696.75,
      527938016631303.4,
      583461742527454.9,
      870422637631267.9,
      583461742527454.9
    ],
    "S_exact": [
      4.875264534851194,
      3.3030016553188544,
      2.611102914195919,
      1.9229308442768225,
      1.5256918974428422,
      1.0406518522564083,
      0.6302695748761631,
      0.4584487433681905
    ],
    "err1": [
      0.0,
      4.440892098500626e-16,
      1.7053025658242404e-12,
      9.334755191048316e-13,
      5.153655280309977e-13,
      4.18332035678759e-13,
      8.748557434046234e-14,
      5.900835375882707e-14
    ],
    "err2": [
      0.0,
      4.440892098500626e-16,
      1.7053025658242404e-12,
      9.336975637097567e-13,
      5.153655280309977e-13,
      4.18332035678759e-13,
      8.759659664292485e-14,
      5.895284260759581e-14
    ]
  }
}